<DATE>	<TIME>	<OPEN>	<HIGH>	<LOW>	<CLOSE>	<TICKVOL>	<VOL>	<SPREAD>
2026.10.06	00:00:00	4140.70	4141.92	4137.93	4140.17	2198	0	11
2026.10.06	00:30:00	4140.14	4140.71	4133.55	4134.33	2863	0	11
2026.10.06	01:00:00	4134.32	4141.57	4133.13	4140.84	5255	0	11
2026.10.06	01:30:00	4140.79	4151.29	4135.73	4150.79	5912	0	11
2026.10.06	02:00:00	4150.82	4152.17	4135.59	4136.30	7766	0	11
2026.10.06	02:30:00	4136.28	4138.41	4128.98	4130.24	6993	0	11
2026.10.06	03:00:00	4130.26	4131.47	4126.46	4126.63	4881	0	11
2026.10.06	03:30:00	4126.64	4138.75	4103.90	4130.34	7772	0	11
2026.10.06	04:00:00	4130.32	4133.11	4126.30	4127.86	5174	0	11
2026.10.06	04:30:00	4127.77	4133.70	4124.02	4128.50	5567	0	11
2026.10.06	05:00:00	4128.51	4131.01	4125.78	4127.23	4255	0	11
2026.10.06	05:30:00	4127.19	4128.15	4120.29	4121.61	4850	0	11
2026.10.06	06:00:00	4121.63	4126.04	4120.34	4121.58	4712	0	11
2026.10.06	06:30:00	4121.59	4125.17	4116.94	4120.02	4920	0	11
2026.10.06	07:00:00	4120.12	4134.46	4113.38	4133.88	7792	0	11
2026.10.06	07:30:00	4133.87	4135.32	4129.34	4131.44	6241	0	11
2026.10.06	08:00:00	4131.45	4143.20	4128.31	4134.84	8341	0	11
2026.10.06	08:30:00	4134.83	4141.71	4132.99	4139.93	7415	0	11
2026.10.06	09:00:00	4139.97	4147.32	4137.88	4146.04	7762	0	11
2026.10.06	09:30:00	4146.06	4155.61	4145.16	4155.49	7240	0	11
2026.10.06	10:00:00	4155.48	4157.50	4149.95	4156.66	6354	0	11
2026.10.06	10:30:00	4156.69	4158.18	4150.92	4152.32	6353	0	11
2026.10.06	11:00:00	4152.27	4154.85	4148.97	4154.13	5824	0	11
2026.10.06	11:30:00	4154.14	4160.79	4154.14	4158.44	5523	0	11
2026.10.06	12:00:00	4158.45	4165.86	4155.99	4164.77	7033	0	11
2026.10.06	12:30:00	4164.87	4174.76	4164.65	4173.50	7743	0	11
2026.10.06	13:00:00	4173.59	4179.64	4173.15	4175.80	8493	0	11
2026.10.06	13:30:00	4175.92	4176.82	4165.82	4170.06	8999	0	11
2026.10.06	14:00:00	4170.04	4174.51	4161.06	4161.35	8619	0	11
2026.10.06	14:30:00	4161.34	4164.98	4151.85	4152.64	10488	0	11
2026.10.06	15:00:00	4152.63	4158.49	4143.82	4146.03	9687	0	11
2026.10.06	15:30:00	4146.02	4157.63	4143.55	4156.22	9337	0	11
2026.10.06	16:00:00	4156.21	4165.05	4155.81	4163.26	9368	0	11
2026.10.06	16:30:00	4163.32	4170.44	4161.52	4164.64	8299	0	11
2026.10.06	17:00:00	4164.62	4165.90	4160.37	4160.78	7672	0	11
2026.10.06	17:30:00	4160.75	4161.92	4154.30	4156.95	6305	0	11
2026.10.06	18:00:00	4156.94	4164.61	4156.54	4160.91	7134	0	11
2026.10.06	18:30:00	4160.94	4166.32	4160.32	4164.87	5838	0	11
2026.10.06	19:00:00	4164.85	4172.97	4164.26	4169.10	6205	0	11
2026.10.06	19:30:00	4169.11	4176.74	4166.61	4175.74	5285	0	11
2026.10.06	20:00:00	4175.73	4184.34	4171.80	4171.95	5939	0	11
2026.10.06	20:30:00	4171.97	4172.00	4166.66	4169.39	5679	0	11
2026.10.06	21:00:00	4169.50	4170.21	4162.36	4164.22	3171	0	11
2026.10.06	21:30:00	4164.18	4164.92	4162.17	4163.71	2388	0	11
2026.10.06	23:00:00	4167.43	4167.49	4164.94	4166.12	2469	0	11
2026.10.06	23:30:00	4166.10	4166.10	4161.57	4163.35	2495	0	11
2026.10.07	00:00:00	4163.29	4169.82	4162.47	4169.18	2350	0	11
2026.10.07	00:30:00	4169.13	4169.98	4165.44	4165.96	3400	0	11
2026.10.07	01:00:00	4165.76	4169.69	4160.06	4160.19	6623	0	11
2026.10.07	01:30:00	4160.18	4162.81	4155.53	4156.23	6375	0	11
2026.10.07	02:00:00	4156.17	4156.24	4149.72	4152.28	6601	0	11
2026.10.07	02:30:00	4152.29	4154.99	4146.36	4147.20	6840	0	11
2026.10.07	03:00:00	4147.21	4147.74	4140.18	4146.92	7067	0	11
2026.10.07	03:30:00	4146.86	4149.21	4142.06	4142.63	5696	0	11
2026.10.07	04:00:00	4142.60	4144.04	4138.21	4142.64	5138	0	11
2026.10.07	04:30:00	4142.66	4148.28	4142.32	4143.45	5017	0	11
2026.10.07	05:00:00	4143.47	4144.79	4140.60	4142.17	3984	0	11
2026.10.07	05:30:00	4142.11	4142.45	4134.93	4135.23	3889	0	11
2026.10.07	06:00:00	4135.24	4136.93	4131.35	4133.77	5300	0	11
2026.10.07	06:30:00	4133.78	4137.59	4128.70	4128.75	5932	0	11
2026.10.07	07:00:00	4128.76	4135.56	4126.95	4131.21	6733	0	11
2026.10.07	07:30:00	4131.26	4135.01	4129.88	4130.62	6026	0	11
2026.10.07	08:00:00	4130.61	4135.65	4128.28	4133.00	8019	0	11
2026.10.07	08:30:00	4133.06	4139.53	4128.69	4132.72	8827	0	11
2026.10.07	09:00:00	4132.70	4136.99	4124.85	4126.39	8821	0	11
2026.10.07	09:30:00	4126.23	4128.93	4122.66	4123.84	6662	0	11
2026.10.07	10:00:00	4123.82	4125.80	4119.44	4120.64	7335	0	11
2026.10.07	10:30:00	4120.66	4121.29	4116.56	4119.61	7194	0	11
2026.10.07	11:00:00	4119.62	4120.33	4113.99	4114.35	7658	0	11
2026.10.07	11:30:00	4114.25	4118.55	4109.15	4116.92	7424	0	11
2026.10.07	12:00:00	4116.99	4121.69	4116.27	4119.60	7026	0	11
2026.10.07	12:30:00	4119.58	4122.60	4115.04	4121.69	8517	0	11
2026.10.07	13:00:00	4121.73	4124.33	4080.08	4080.93	9972	0	11
2026.10.07	13:30:00	4080.82	4089.16	4066.49	4087.48	13592	0	11
2026.10.07	14:00:00	4087.49	4098.38	4086.75	4090.14	11855	0	11
2026.10.07	14:30:00	4090.12	4099.38	4082.37	4098.29	13442	0	11
2026.10.07	15:00:00	4098.35	4103.70	4093.32	4099.56	12076	0	11
2026.10.07	15:30:00	4099.58	4108.81	4098.94	4104.20	11607	0	11
2026.10.07	16:00:00	4104.32	4107.91	4098.79	4102.89	10946	0	11
2026.10.07	16:30:00	4102.90	4113.14	4102.06	4105.57	9106	0	11
2026.10.07	17:00:00	4105.60	4114.60	4102.06	4114.44	8099	0	11
2026.10.07	17:30:00	4114.40	4115.18	4107.39	4109.54	7450	0	11
2026.10.07	18:00:00	4109.53	4126.88	4108.39	4114.13	9591	0	11
2026.10.07	18:30:00	4114.14	4116.96	4108.61	4109.90	7182	0	11
2026.10.07	19:00:00	4109.93	4119.92	4108.97	4111.63	7262	0	11
2026.10.07	19:30:00	4112.01	4113.20	4107.13	4109.04	6285	0	11
2026.10.07	20:00:00	4108.99	4110.46	4102.93	4106.65	6913	0	11
2026.10.07	20:30:00	4106.66	4107.50	4100.21	4101.03	6549	0	11
2026.10.07	21:00:00	4101.05	4113.00	4100.64	4112.39	3868	0	11
2026.10.07	21:30:00	4112.40	4113.22	4105.72	4109.31	2937	0	11
